url,name,address,city,state,phone
https://www.hrblock.com/tax-office-near-me/new-hampshire/west-ossipee/27970/?otppartnerid=9308&campaignid=pw_mcm_9308_9762&utm_medium=local,Results,"îƒˆ1995 NH-16, West Ossipee, NH 03890",West Ossipee,NH,î‚°(603) 539-2220
https://www.bmcgiverncpa.com/campton-nh.htm,Results,"îƒˆ27 Lilac Ln, Campton, NH 03223",Campton,NH,î‚°(781) 341-0930
https://townoffreedom.net/,Results,"îƒˆFreedom, NH 03836",îƒˆFreedom,NH,î‚°(603) 539-5572
https://freedom-accounting.com/,Results,"îƒˆ500 N Commercial St STE 302A, Manchester, NH 03101",Manchester,NH,î‚°(603) 232-5153
https://my-cpa.com/,Results,"îƒˆ481 White Mountain Hwy, Conway, NH 03818",Conway,NH,î‚°(603) 447-3356
https://www.freedombsnh.com/,Results,"îƒˆ32 Depot Square Unit 7A, Hampton, NH 03842",Hampton,NH,î‚°(603) 303-5550
https://www.cpmtax.com/?utm_source=google&utm_medium=google_business_profile&utm_campaign=website_click,Results,"îƒˆ563 NH-106 Unit 6, Loudon, NH 03307",Loudon,NH,î‚°(603) 798-4100
http://www.dbrohdecpa.com/,Results,"îƒˆ55 Smith Bridge Rd, Plymouth, NH 03264",Plymouth,NH,î‚°(603) 536-1557
https://www.kfxtaxes.com/,Results,"îƒˆ21 Laurel Dr, Bow, NH 03304",Bow,NH,î‚°(603) 333-1885
http://jelibbycpa.com/,Results,"îƒˆ60 Whittier Hwy, Moultonborough, NH 03254",Moultonborough,NH,î‚°(603) 253-5408
http://www.rust.cpa/,Rust & Company CPAs,"îƒˆ217R Old Homestead Hwy, Swanzey, NH 03446",Swanzey,NH,î‚°(603) 358-6565
http://www.ridgeline-accounting.com/,"Ridgeline Accounting, PLLC","îƒˆNorth Sutton, NH 03260",îƒˆNorth Sutton,NH,î‚°(802) 522-6931
http://www.howcocpas.com/,"Howard & Dionne, CPAs, PLLC","îƒˆ67 NH-27, Raymond, NH 03077",Raymond,NH,î‚°(603) 895-0101
http://www.dffcpas.com/,"Dumais, Ferland & Fuller CPAs LLC","îƒˆ472 High St, Somersworth, NH 03878",Somersworth,NH,î‚°(603) 692-5358
https://www.plodzik.com/,Plodzik & Sanderson P. A.,"îƒˆ193 N Main St, Concord, NH 03301",Concord,NH,î‚°(603) 225-6996
https://edwardscpagroup.com/,Results,"îƒˆ51 Park St, Northfield, NH 03276",Northfield,NH,î‚°(603) 286-8000
https://eltcpa.com/,Results,"îƒˆ22 Bridge St Suite 11, Concord, NH 03301",Concord,NH,î‚°(508) 759-8328
http://maureendowstcpa.com/,Results,"îƒˆ2 Mont Vernon Rd, New Boston, NH 03070",New Boston,NH,î‚°(603) 487-3531
http://dennisdupuiscpa.com/,Results,"îƒˆ44 Lafayette Rd #940, North Hampton, NH 03862",North Hampton,NH,î‚°(800) 370-6636
http://www.redhillfinancial.com/,Results,"îƒˆ22 Bridge St Suite 17, Concord, NH 03301",Concord,NH,î‚°(603) 219-0852
http://www.nhscpa.org/,Results,"îƒˆ1750 Elm St #403, Manchester, NH 03104",Manchester,NH,î‚°(603) 622-1999
https://doleaccountingservices.com/,Results,"îƒˆ721 Nh Rte 4a, Enfield, NH 03748",Enfield,NH,î‚°(603) 632-3980
http://www.dsbcpas.com/,Results,"îƒˆ376 Court St, Laconia, NH 03246",Laconia,NH,î‚°(603) 524-0507
http://www.newbusinessdirections.com/,Results,"îƒˆ78 Grove St #2173, North Conway, NH 03860",North Conway,NH,î‚°(603) 356-2914
http://www.twardycpa.com/,Results,"îƒˆ24 Pine Grove Rd, Sunapee, NH 03782",Sunapee,NH,î‚°(603) 763-0350
https://www.gelinascpa.com/,Results,"îƒˆ36 Salmon St, Manchester, NH 03104",Manchester,NH,î‚°(603) 625-8931
http://www.travisterrycpa.com/,Results,"îƒˆ25 Main St, Salem, NH 03079",Salem,NH,î‚°(603) 898-2511
https://www.youngclausco.com/,Results,"îƒˆ65 Lafayette Rd # 102, North Hampton, NH 03862",North Hampton,NH,î‚°(603) 964-2772
http://www.champion-accounting.com/,Results,"îƒˆ14 Pleasant Pl, Sunapee, NH 03782",Sunapee,NH,î‚°(603) 763-1722
http://www.patriciahmorsecpa.com/,Results,"îƒˆ103 Hanover St #7, Lebanon, NH 03766",Lebanon,NH,î‚°(603) 448-4224
http://pleasantlakeaccounting.com/,Results,"îƒˆ3A Pleasant Ln, Warner, NH 03278",Warner,NH,î‚°(603) 746-3097
https://eharpercpa.com/,Results,"îƒˆ11 Grove St, Peterborough, NH 03458",Peterborough,NH,î‚°(603) 924-1040
http://freedomfolio.net/,Results,"îƒˆ53 State St Ste 500, Boston, MA 02109",Boston,MA,î‚°(781) 309-6778
http://www.leedavisandcompany.com/,Results,"îƒˆCo-Work, 6 School St Suite 1, Peterborough, NH 03458",Peterborough,NH,î‚°(603) 784-5324
https://www.early.cpa/,Results,"îƒˆ156 Broad St, Claremont, NH 03743",Claremont,NH,î‚°(603) 543-3882
http://www.lifetimetax.com/,Results,"îƒˆ261 Sheep Davis Rd #7, Concord, NH 03301",Concord,NH,î‚°(603) 230-2404
https://simmscpanh.com/,Results,"îƒˆ276 Newport Rd Suite 206, New London, NH 03257",New London,NH,î‚°(603) 877-0424
https://www.mpandwcpa.com/,Results,"îƒˆ1 Merrill Industrial Dr Unit 1, Hampton, NH 03842",Hampton,NH,î‚°(603) 926-8063
https://rmwaccounting.com/offices/new-hampshire/laconia-nh/,Results,"îƒˆ501 Union Ave #1, Laconia, NH 03246",Laconia,NH,î‚°(603) 528-2241
https://eltcpa.com/locations/claremont-new-hampshire-chapman-ben/,Results,"îƒˆ97 Pleasant St, Claremont, NH 03743",Claremont,NH,î‚°(603) 543-0073
http://www.pbs-tax.com/,Results,"îƒˆ50 Nashua Rd STE 304, Londonderry, NH 03053",Londonderry,NH,î‚°(603) 432-2542
https://www.edmeyercpa.com/,Results,"îƒˆJ Edward Meyer CPA LLC, 4 Bell Hill Rd, Bedford, NH 03110",Bedford,NH,î‚°(603) 488-2455
http://www.profitmarginassoc.com/,Results,,Freedom,NH,î‚°(603) 810-6020
http://www.wrd-cpa.com/,Results,"îƒˆ726 Chestnut St, Manchester, NH 03104",Manchester,NH,î‚°(603) 668-7100
https://rmwaccounting.com/offices/new-hampshire/lincoln-nh/,Results,"îƒˆ195 Main St, Lincoln, NH 03251",Lincoln,NH,î‚°(603) 745-3121
http://www.hmpccpa.com/,Results,"îƒˆ1558 Hooksett Rd, Hooksett, NH 03106",Hooksett,NH,î‚°(603) 935-9260
http://gkhashemcpa.com/,Results,"îƒˆ276 Newport Rd Suite 218, New London, NH 03257",New London,NH,î‚°(603) 526-6809
http://williams-cpa.com/,Results,"îƒˆ55 Enterprise Dr, Windham, NH 03087",Windham,NH,î‚°(603) 292-3360
http://www.wlgraccounting.com/,Results,"îƒˆ2 International Dr #140, Portsmouth, NH 03801",Portsmouth,NH,î‚°(603) 766-1968
http://brhardycpa.com/,Results,"îƒˆ57 Main St, Epping, NH 03042",Epping,NH,î‚°(603) 679-1726
https://www.linkedin.com/company/bluefin-bookkeeping-llc/,Results,,Freedom,NH,î‚°(603) 969-7682
http://casmithsolutions.com/,Results,,Freedom,NH,î‚°(603) 491-0914
http://www.hc-bookkeeping.co/,Results,,Freedom,NH,î‚°(508) 928-1641
https://www.erctax.com/,Results,"îƒˆ75 Newport Rd #101, New London, NH 03257",New London,NH,î‚°(603) 526-7777
